CCMS_PROVIDERFIRM_ID,PROVIDER_FIRM_NAME,CWA_FIRM_CODE,CCMS_USER_ID,USER_LOGIN_ID,EMAIL_ADDRESS,SURNAME_FIRSTNAME
10000,Schaefer & Co,20000,50000,cynthiawardthomas,cynthiawardthomas@schaeferandco.com,"Ward-Thomas, Cynthia"
10000,Schaefer & Co,20000,50001,davidyoungosborn,davidyoungosborn@schaeferandco.com,"Young-Osborn, David"
10000,Schaefer & Co,20000,50002,alexandriamoorehoward,alexandriamoorehoward@schaeferandco.com,"moore-howard, Alexandria"
10000,Schaefer & Co,20000,50003,danielenglish,danielenglish@schaeferandco.com,"English, Daniel"
10000,Schaefer & Co,20000,50004,annatorrestorres@schaeferandco.com,annatorrestorres@schaeferandco.com,"Torres-Torres, Anna"
10001,Pierce Associates,20001,50005,morganhood@pierceassociates.com,morganhood@pierceassociates.com,"hood, Morgan"
10001,Pierce Associates,20001,50006,michaelbrownbell@pierceassociates.com,michaelbrownbell@pierceassociates.com,"brown-bell, Michael"
10001,Pierce Associates,20001,50007,jamesvaldezblanchard@pierceassociates.com,jamesvaldezblanchard@pierceassociates.com,"valdez-blanchard, James"
10001,Pierce Associates,20001,50008,jenniferbass@pierceassociates.com,jenniferbass@pierceassociates.com,"Bass, Jennifer"
10001,Pierce Associates,20001,50009,tanyachasetaylor,tanyachasetaylor@pierceassociates.com,"Chase-Taylor, Tanya"
10001,Pierce Associates,20001,50010,jamierobinsonzamora,jamierobinsonzamora@pierceassociates.com,"Robinson-Zamora, Jamie"
10001,Pierce Associates,20001,50011,robertmendozawatkins@pierceassociates.com,robertmendozawatkins@pierceassociates.com,"Mendoza-Watkins, Robert"
10001,Pierce Associates,20001,50012,michaelcarrkennedy,michaelcarrkennedy@pierceassociates.com,"Carr-Kennedy, Michael"
10001,Pierce Associates,20001,50013,paulrichards,paulrichards@pierceassociates.com,"richards, Paul"
10001,Pierce Associates,20001,50014,robertlynch@pierceassociates.com,robertlynch@pierceassociates.com,"lynch, Robert"
10002,Romero Associates,20002,50015,karendavisburke,karendavisburke@romeroassociates.com,"davis-burke, Karen"
10002,Romero Associates,20002,50016,codytaylorbenson@romeroassociates.com,codytaylorbenson@romeroassociates.com,"Taylor-Benson, Cody"
10002,Romero Associates,20002,50017,maryhayesanderson,maryhayesanderson@romeroassociates.com,"hayes-anderson, Mary"
10002,Romero Associates,20002,50018,crystalriostaylor,crystalriostaylor@romeroassociates.com,"rios-taylor, Crystal"
10002,Romero Associates,20002,50019,michaelallenhenderson@romeroassociates.com,michaelallenhenderson@romeroassociates.com,"Allen-Henderson, Michael"
10003,Burnett Associates,20003,50020,elizabethaustinsalinas@burnettassociates.com,elizabethaustinsalinas@burnettassociates.com,"austin-salinas, Elizabeth"
10003,Burnett Associates,20003,50021,danielmcconnellhopkins@burnettassociates.com,danielmcconnellhopkins@burnettassociates.com,"Mcconnell-Hopkins, Daniel"
10003,Burnett Associates,20003,50022,richardrileyvazquez@burnettassociates.com,richardrileyvazquez@burnettassociates.com,"riley-vazquez, Richard"
10003,Burnett Associates,20003,50023,sharonvalenzuelathomas@burnettassociates.com,sharonvalenzuelathomas@burnettassociates.com,"valenzuela-thomas, Sharon"
10003,Burnett Associates,20003,50024,davidrhodes,davidrhodes@burnettassociates.com,"rhodes, David"
10003,Burnett Associates,20003,50025,dylanpowelllee@burnettassociates.com,dylanpowelllee@burnettassociates.com,"powell-lee, Dylan"
10004,Thompson & Co,20004,50026,michaelliuday@thompsonandco.com,michaelliuday@thompsonandco.com,"Liu-Day, Michael"
10004,Thompson & Co,20004,50027,lisadavisriddle,lisadavisriddle@thompsonandco.com,"davis-riddle, Lisa"
10004,Thompson & Co,20004,50028,aprilbest,aprilbest@thompsonandco.com,"Best, April"
10004,Thompson & Co,20004,50029,kimberlyrichardson@thompsonandco.com,kimberlyrichardson@thompsonandco.com,"richardson, Kimberly"
10005,Smith Legal,20005,50030,philipdavismahoney@smithlegal.com,philipdavismahoney@smithlegal.com,"Davis-Mahoney, Philip"
10005,Smith Legal,20005,50031,christopherhanson@smithlegal.com,christopherhanson@smithlegal.com,"Hanson, Christopher"
10005,Smith Legal,20005,50032,wendysanchez,wendysanchez@smithlegal.com,"sanchez, Wendy"
10005,Smith Legal,20005,50033,charlesandrews@smithlegal.com,charlesandrews@smithlegal.com,"andrews, Charles"
10005,Smith Legal,20005,50034,lauratorres@smithlegal.com,lauratorres@smithlegal.com,"torres, Laura"
10005,Smith Legal,20005,50035,anthonyreed,anthonyreed@smithlegal.com,"Reed, Anthony"
10006,Yates Legal,20006,50036,jasminerivera@yateslegal.com,jasminerivera@yateslegal.com,"Rivera, Jasmine"
10006,Yates Legal,20006,50037,lisasimpsondavis,lisasimpsondavis@yateslegal.com,"Simpson-Davis, Lisa"
10006,Yates Legal,20006,50038,josephavila,josephavila@yateslegal.com,"Avila, Joseph"
10006,Yates Legal,20006,50039,lesliesanders@yateslegal.com,lesliesanders@yateslegal.com,"Sanders, Leslie"
10006,Yates Legal,20006,50040,jamesbankspatterson,jamesbankspatterson@yateslegal.com,"Banks-Patterson, James"
10006,Yates Legal,20006,50041,travisolsoneverett@yateslegal.com,travisolsoneverett@yateslegal.com,"olson-everett, Travis"
10006,Yates Legal,20006,50042,angelacontrerasblack,angelacontrerasblack@yateslegal.com,"Contreras-Black, Angela"
10006,Yates Legal,20006,50043,shannonmartinezwolfe,shannonmartinezwolfe@yateslegal.com,"martinez-wolfe, Shannon"
10006,Yates Legal,20006,50044,johnmoreno@yateslegal.com,johnmoreno@yateslegal.com,"moreno, John"
10007,Thomas Legal,20007,50045,patriciaparkboyd@thomaslegal.com,patriciaparkboyd@thomaslegal.com,"park-boyd, Patricia"
10007,Thomas Legal,20007,50046,garyrodriguez,garyrodriguez@thomaslegal.com,"rodriguez, Gary"
10008,Bennett LLP,20008,50047,sarahthompson,sarahthompson@bennettllp.com,"thompson, Sarah"
10008,Bennett LLP,20008,50048,jasonstewartwright@bennettllp.com,jasonstewartwright@bennettllp.com,"Stewart-Wright, Jason"
10008,Bennett LLP,20008,50049,pennydixon@bennettllp.com,pennydixon@bennettllp.com,"Dixon, Penny"
10008,Bennett LLP,20008,50050,nicolejohnsoncurry,nicolejohnsoncurry@bennettllp.com,"johnson-curry, Nicole"
10008,Bennett LLP,20008,50051,richardwhitegray,richardwhitegray@bennettllp.com,"White-Gray, Richard"
10008,Bennett LLP,20008,50052,brendawilliamsongarcia,brendawilliamsongarcia@bennettllp.com,"Williamson-Garcia, Brenda"
10008,Bennett LLP,20008,50053,danielrogers@bennettllp.com,danielrogers@bennettllp.com,"Rogers, Daniel"
10008,Bennett LLP,20008,50054,tarahollowaywilson,tarahollowaywilson@bennettllp.com,"Holloway-Wilson, Tara"
10009,Archer Associates,20009,50055,stephanielawrence@archerassociates.com,stephanielawrence@archerassociates.com,"lawrence, Stephanie"
10009,Archer Associates,20009,50056,michellefordbrock@archerassociates.com,michellefordbrock@archerassociates.com,"Ford-Brock, Michelle"
10009,Archer Associates,20009,50057,jennifermiller,jennifermiller@archerassociates.com,"Miller, Jennifer"
10009,Archer Associates,20009,50058,sarasmithlee,sarasmithlee@archerassociates.com,"Smith-Lee, Sara"
10009,Archer Associates,20009,50059,veronicacraigjohnson@archerassociates.com,veronicacraigjohnson@archerassociates.com,"Craig-Johnson, Veronica"
10009,Archer Associates,20009,50060,henryperrysims,henryperrysims@archerassociates.com,"Perry-Sims, Henry"
10009,Archer Associates,20009,50061,sabrinashelton,sabrinashelton@archerassociates.com,"Shelton, Sabrina"
10009,Archer Associates,20009,50062,debbiedavis,debbiedavis@archerassociates.com,"Davis, Debbie"
10009,Archer Associates,20009,50063,connieanderson@archerassociates.com,connieanderson@archerassociates.com,"anderson, Connie"
10009,Archer Associates,20009,50064,jessicacampbell,jessicacampbell@archerassociates.com,"campbell, Jessica"
10010,Cherry Solicitors,20010,50065,anngentryharmon@cherrysolicitors.com,anngentryharmon@cherrysolicitors.com,"gentry-harmon, Ann"
10010,Cherry Solicitors,20010,50066,arianamccormickbryant,arianamccormickbryant@cherrysolicitors.com,"mccormick-bryant, Ariana"
10010,Cherry Solicitors,20010,50067,joseanderson@cherrysolicitors.com,joseanderson@cherrysolicitors.com,"Anderson, Jose"
10010,Cherry Solicitors,20010,50068,luisrioslyons,luisrioslyons@cherrysolicitors.com,"rios-lyons, Luis"
10010,Cherry Solicitors,20010,50069,terriharris,terriharris@cherrysolicitors.com,"harris, Terri"
10010,Cherry Solicitors,20010,50070,amandavasquezmitchell,amandavasquezmitchell@cherrysolicitors.com,"vasquez-mitchell, Amanda"
10010,Cherry Solicitors,20010,50071,brittanymyerswallace@cherrysolicitors.com,brittanymyerswallace@cherrysolicitors.com,"myers-wallace, Brittany"
10011,Pineda Legal,20011,50072,jamescameron,jamescameron@pinedalegal.com,"cameron, James"
10011,Pineda Legal,20011,50073,elizabethboyer@pinedalegal.com,elizabethboyer@pinedalegal.com,"boyer, Elizabeth"
10011,Pineda Legal,20011,50074,brandongrossmontgomery@pinedalegal.com,brandongrossmontgomery@pinedalegal.com,"Gross-Montgomery, Brandon"
10011,Pineda Legal,20011,50075,brandongreenhoward,brandongreenhoward@pinedalegal.com,"green-howard, Brandon"
10011,Pineda Legal,20011,50076,jeffreyenglishwilson,jeffreyenglishwilson@pinedalegal.com,"english-wilson, Jeffrey"
10011,Pineda Legal,20011,50077,maxwellrhodes,maxwellrhodes@pinedalegal.com,"Rhodes, Maxwell"
10012,Williams & Co,20012,50078,zacharychan,zacharychan@williamsandco.com,"Chan, Zachary"
10012,Williams & Co,20012,50079,evanjacksonjenkins@williamsandco.com,evanjacksonjenkins@williamsandco.com,"jackson-jenkins, Evan"
10013,Little LLP,20013,50080,stevenbrownhernandez,stevenbrownhernandez@littlellp.com,"brown-hernandez, Steven"
10013,Little LLP,20013,50081,lisaedwards,lisaedwards@littlellp.com,"edwards, Lisa"
10013,Little LLP,20013,50082,victorrojas@littlellp.com,victorrojas@littlellp.com,"Rojas, Victor"
10013,Little LLP,20013,50083,hollymassey@littlellp.com,hollymassey@littlellp.com,"massey, Holly"
10014,Morrison Associates,20014,50084,amyjacksoncooper@morrisonassociates.com,amyjacksoncooper@morrisonassociates.com,"jackson-cooper, Amy"
10014,Morrison Associates,20014,50085,nancywillismoody,nancywillismoody@morrisonassociates.com,"willis-moody, Nancy"
10014,Morrison Associates,20014,50086,tiffanyburtonbrown,tiffanyburtonbrown@morrisonassociates.com,"Burton-Brown, Tiffany"
10014,Morrison Associates,20014,50087,cherylsanchez@morrisonassociates.com,cherylsanchez@morrisonassociates.com,"Sanchez, Cheryl"
10014,Morrison Associates,20014,50088,caitlinmorrisonconway,caitlinmorrisonconway@morrisonassociates.com,"Morrison-Conway, Caitlin"
10014,Morrison Associates,20014,50089,seanholt,seanholt@morrisonassociates.com,"Holt, Sean"
10015,Closed Account Ltd,20015,50090,clivesmith,online-support@legalaid.gsi.gov.uk,"Smith, Clive"
10015,Closed Account Ltd,20015,50091,john.blah,ONLINE-SUPPORT@LEGALAID.GSI.GOV.UK,"Blah, John"
